nodes,h_max_m,rtol,max_height_error_m,max_speed_error_mps,max_mass_error_kg,max_time_error_s,max_scaled_state_error,max_continuous_scaled_constraint_violation,max_height_violation_m,max_speed_violation_mps,max_mach_violation,max_thrust_violation_n,max_gamma_violation_rad,success
241,12000.0,1e-08,0.04081309552384482,0.0011368804432834168,0.05006774612411391,0.000923499716805054,4.737001847014236e-06,0.0,0.0,0.0,0.0,0.0,0.0,True
241,12000.0,1e-10,0.0410118700710882,0.0011336494208649128,0.05006774609501008,0.0008997192729793824,4.723539253603804e-06,0.0,0.0,0.0,0.0,0.0,0.0,True
241,12000.0,1e-12,0.04106697658608027,0.0011341063584495714,0.050067746138665825,0.0009006171735563839,4.725443160206548e-06,0.0,0.0,0.0,0.0,0.0,0.0,True
