nodes,h_max_m,terminal_mass_kg,terminal_mass_slack_kg,final_time_s,scaled_collocation_defect_inf,max_scaled_constraint_violation,reintegration_state_error_inf,reintegration_terminal_mass_kg,reintegration_terminal_mass_signed_error_kg,reintegration_terminal_mass_error_kg,reintegration_terminal_mass_shortfall_kg,reintegration_terminal_height_signed_error_m,reintegration_terminal_height_error_m,reintegration_terminal_speed_signed_error_mps,terminal_speed_signed_error_mps,reintegration_terminal_speed_error_mps,mass_error_ratio_from_previous,speed_error_ratio_from_previous,max_thrust_step_n,max_gamma_step_rad,total_variation_thrust_n,total_variation_gamma_rad,max_node_speed_signed_error_mps,max_node_speed_error_mps,max_node_mass_signed_error_kg,max_node_mass_error_kg,gate_status,optimizer_success
7,12000.0,62000.0,0.0,803.425545672954,2.213838179906021e-10,0.0,0.009547743874952748,62028.90833469368,28.908334693682264,28.908334693682264,0.0,-0.018573729908894165,0.018573729908894165,0.7809638884583023,0.7809638884583023,0.7809638884583023,,,16357.491800710464,0.01777813082995982,49367.33334209415,0.07113233993839102,0.7809638884583023,0.7809638884583023,51.63372274716676,51.63372274716676,discrete_feasible_reintegration_failed,True
9,12000.0,62000.0,0.0,803.3569811923402,1.9859497835814666e-14,0.0,0.0035509016349917146,62014.163606578804,14.16360657880432,14.16360657880432,0.0,0.04206023958067817,0.04206023958067817,0.4248729625377621,0.4248729625377621,0.4248729625377621,2.041029206285867,1.8381115234860148,8958.48498549898,0.0119838708905613,45153.81415782386,0.06473353523672128,0.45028626590132603,0.45028626590132603,17.12485057518643,17.12485057518643,discrete_feasible_reintegration_failed,True
