h_max_m,nodes,terminal_mass_kg,terminal_mass_slack_kg,final_time_s,max_height_m,max_height_violation_m,scaled_collocation_defect_inf,max_scaled_constraint_violation,reintegration_terminal_mass_kg,reintegration_terminal_mass_signed_error_kg,reintegration_terminal_mass_shortfall_kg,reintegration_terminal_height_error_m,reintegration_terminal_speed_error_mps,active_hmax_fraction,gate_status,status
10950.0,31,62000.0,0.0,805.8168456138425,10950.0,0.0,5.587937520109184e-14,0.0,62005.068459518225,5.068459518224699,0.0,0.01273522816154582,0.0056836138767266675,0.25806451612903225,discrete_feasible_reintegration_failed,discrete_feasible_reintegration_failed
11500.0,31,62000.0,0.0,804.3496052207608,11500.0,0.0,2.397301558247209e-13,0.0,62001.630623077894,1.6306230778936879,0.0,0.005221415840424015,0.027561167540909537,0.0967741935483871,discrete_feasible_reintegration_failed,discrete_feasible_reintegration_failed
12000.0,31,62000.0,2.4847409168220525e-12,802.9507316975968,11994.081367984856,0.0,1.4227723362621015e-14,0.0,62000.703759535005,0.7037595350047923,0.0,0.000994094843917992,0.030218182974778074,0.0,discrete_feasible_reintegration_failed,discrete_feasible_reintegration_failed
12500.0,31,62000.0,2.4847409168220525e-12,802.9507316975968,11994.081367984856,0.0,1.4227723362621015e-14,0.0,62000.703759535005,0.7037595350047923,0.0,0.000994094843917992,0.030218182974778074,0.0,discrete_feasible_reintegration_failed,discrete_feasible_reintegration_failed
