scenario,final_time_s,final_distance_m,final_mass_kg,fuel_used_kg,mean_fuel_flow_kgs,mean_fuel_per_meter_kgpm,max_fuel_flow_kgs,min_implicit_denominator,fuel_delta_vs_standard_kg,fuel_delta_vs_standard_pct
standard_isa,756.6705633397779,200668.44247343735,61445.464133905225,11004.535866094775,14.543364575361789,0.05483939442820689,15.8079727643133,0.89934240004168,0.0,0.0
temp_plus_10K,757.6252342662319,200668.44247343735,61575.12871146897,10874.87128853103,14.353892659163417,0.0541932311552702,15.585241435921791,0.900333024512726,-129.6645775637444,-1.1782830202157266
